{
	"Id": 0,
	"Name": "ROOT",
	"Active": true,
	"Dynamic": true,
	"Selected": true,
	"UserData": 0,
	"LocalMatrix": [1.0, 0.0, 0.0, 0.0, 0.0, 1.0, 0.0, 0.0, 0.0, 0.0, 1.0, 0.0, 0.0, 0.0, 0.0, 1.0],
	"Type": "Root",
	"Children": [{
			"Id": 1,
			"Name": "Camera_000",
			"Active": true,
			"Dynamic": true,
			"Selected": true,
			"UserData": 0,
			"LocalMatrix": [-0.8473280668258667, 2.561137080192566e-8, 0.5310681462287903, 0.0, 0.01338128000497818, 0.9996824860572815, 0.021350014954805375, 0.0, -0.5308995842933655, 0.0251968614757061, -0.8470590114593506, 0.0, 0.0, 5.0, 22.5, 1.0],
			"Type": "Camera",
			"Up": 0.4142135679721832,
			"Down": -0.4142135679721832,
			"Right": 0.8115940690040588,
			"Left": -0.8115940690040588,
			"Near": 0.10000000149011612,
			"Far": 1.0,
			"WorldMatrix": [-0.8473280668258667, 2.561137080192566e-8, 0.5310681462287903, 0.0, 0.01338128000497818, 0.9996824860572815, 0.021350014954805375, 0.0, -0.5308995842933655, 0.0251968614757061, -0.8470590114593506, 0.0, 0.0, 5.0, 22.5, 1.0],
			"Orthographic": false,
			"Asymmetrical": false,
			"Infinite": true,
			"Reversed": false,
			"HasGpuBuffer": true,
			"XForms": [{
					"Class": "XForm_FreeCamera",
					"Position": [0.0, 5.0, 22.5],
					"Orientation": [-0.0034810956567525865, -0.9609981179237366, -0.012108992785215378, 0.276266872882843],
					"MaxSpeed": 10.0,
					"MaxSpeedMultiplier": 5.0,
					"AccelerationTime": 0.10000000149011612,
					"RotationInputMultiplier": 0.10000000149011612,
					"RotationDamping": 0.00019999999494757503
				}]
		}],
	"DrawCameraId": 1,
	"CullCameraId": 1
}